rating,tastes
3.75,cocoa blackberry robust
3.5,cocoa vegetal savory
3.25,rich fatty bready
3.75,fruity melon roasty
3.5,vegetal nutty
4.0,oily nut caramel raspberry
4.0,sweet cocoa tangerine
3.75,sandy nutty cocoa fig
3.5,cocoa sour intense tangerine
3.25,mild tobacco
3.25,mild fruit strong smoke
3.25,green nutty cocoa
3.0,sticky red fruit sour
3.0,sticky smokey grass
2.75,brief fruit note earthy nutty
2.75,burnt rubber alkalyzed notes
4.0,delicate hazelnut brownie
3.75,astringent nutty chocolatey
3.5,sliglty dry papaya
3.5,nutty mild choco roasty
2.75,harsh leather earthy
3.5,mild profile chocolaty spice
3.5,grainy texture cocoa sweet
3.0,roasty acidic nutty
2.75,burnt wood earthy choco
3.75,sweet chocolatey vegetal
3.75,sweet dairy spice cocoa
3.5,alluring aroma powdery nutty
3.75,yellow fruit
3.75,intense nutty cherry cocoa
3.5,hot cocoa rich molasses
3.25,herbal molasses hammy
3.5,orange floral lemon
3.5,cocoa powerful tang
3.25,spicy candy
2.75,sweet sublte strawberry
3.0,sandy woody spicy sweet
2.75,basic sweet cocoa woody
2.75,sweet cocoa rubbery
2.5,unrefined sweet metallic
3.0,roasty nutty coffee
2.75,sandy sweet banana cream
3.0,gritty spice cocoa
2.75,strong pepper musty
2.75,fatty intense woody
3.75,hay nut berry
2.5,sandy dirt ashey
2.5,cardboard dirt roasty
3.0,citrus fatty dairy
2.75,roasty sweet savory
2.75,nutty roasty odd dairy
3.5,strawberry cream gateway
3.5,sandy green floral
3.5,sandy sweet nibby
3.5,sandy melon banana
3.5,sandy sweet roasty
3.25,gritty berry bitterish
3.25,gritty sweet fruit
3.0,sandy sweet dairy spice
3.0,grit sweet caramel fruit
2.5,sweet moldy
3.0,dry sweet caramel
2.75,powdery sweet molasses
2.75,sandy nutty earthy roasty
2.5,sandy sweet pungent
2.5,sandy sweet sour
3.0,sweet coarse nutty
3.75,spicy strawberry
3.5,spice nut cocoa fruit
3.0,waxy nutty mint
2.75,sticky nutty acidicity
3.0,hot spice roasty
4.0,strong spice intense pepper
3.75,orange cinamon
3.0,woody red berry sour
4.0,tart lemon smoke
3.0,dry chalky fudge
3.0,roasty oddly sweet marshmallow
2.75,waxy mouthfeel spicy
2.75,fatty mushroom notes
3.5,oily vegetal nutty cocoa
3.25,oily vanilla melon cocoa
3.5,rich sour mild smoke
3.25,fruity sour
3.25,roast high astringent
3.25,smokey savory
3.25,sandy roasty nutty
3.0,roasty brownie nutty
3.75,red wine rich long
3.75,creamy fruit cocoa
3.5,fruity coffee notes
3.5,coffee fruit woodsy
3.5,fatty dairy caramel cocoa
3.0,creamy earthy vegetal
3.0,sandy woody spicy
3.75,creamy raspberry nutty
3.5,sweet delicate complex
3.0,vanilla mint roasty
3.0,vanilla nuts roasty
3.0,nutty mild roasty vanilla
2.75,nut fatty rubbery rich
4.0,creamy sweet cocoa banana
3.75,sweet bright red banana
3.75,roasty fatty nutty coffee
2.75,creamy red berry bitter
3.25,grainy sweet poor aftertaste
3.0,chalky mild fruit burnt
3.5,light roast caramel cocoa
3.0,sandy fruity short
3.0,nutty mild spice mild earthy
2.75,bitter floral leather
2.5,earthy sour milk leather
4.0,creamy sticky peanut butter
3.75,spicy cocoa
3.75,floral strawberry metallic
3.5,creamy rich rum roasty
3.5,floral nutty rich
3.5,spicy brownie nutty
3.5,intense floral bourbon
3.25,strawberry butterscotch
2.75,floral chemical
4.0,balanced cherry choco
4.0,creamy complex balanced
3.75,appealing smoke woody
3.75,muddy rich raspberry
3.75,dark berry chocolatey
3.5,delicate simple
3.5,cashew roasty chunky melt
3.5,subtle mysterious
3.5,nutty green
3.25,sticky floral roasty
3.25,chewy mild floral
3.25,smoke hammy cocoa base
3.25,earthy nutty cardboard
4.0,creamy bright fruit
4.0,long lasting cocoa
3.5,slight roasty basic
3.5,sour fruit
3.5,rich mild roasty
3.5,dried fruit fig anise
4.0,smooth nutty cocoa
3.0,nuts dried fruit short
3.25,herbs mushroom acidic
3.0,burn butterscotch rubbery
3.5,smooth vegetal
3.5,roasty rich
3.25,melon late hammy
3.0,cocoa earthy hammy
3.75,spicy minty vegetal
3.25,spice cocoa short
3.0,bitterness cherry rich
3.0,spicey mild metallic
2.75,gritty smokey sour
2.5,oily nutty burnt sour
1.75,cocoa dominate note
3.75,grassy black licorice mint
3.5,black pepper banana
3.25,chewy grassy nutty
3.25,unrefined distinct spicey
4.0,nuts butterscotch brownie
2.75,blackpepper chemical rubber
3.75,marshmallow roasty nutty
3.25,gritty nutty
2.75,creamy marshmallow
3.0,smooth astringent cocoa
2.5,leather black licorice
3.75,strawberries mild tart roasty
3.75,creamy woody cocoa
3.75,grapes woody roasty
3.75,creamy rich blueberry
3.0,aroma vegetal honey sandy
3.5,long bright fruit sweet sour
3.0,waxy dried fruit
3.0,sandy roasty nutty
2.75,sandy vanilla
3.0,unrefined flat grassy
2.5,chalky intense chemical
2.5,chalky fragrant
3.5,smoke ham papaya
3.25,coarse smokey metallic
3.0,bland sugary large grits
3.5,black pepper cardamom
2.75,molasses caramel pungent
3.25,basic mild fruit roasty
2.75,bitter fatty mild fruit
2.5,gritty fatty sour
3.75,raspberry mild sour
3.5,molasses toffee coffee grounds
3.25,complex black pepper coffee
4.0,creamy rounded orange
3.5,intense smokey dried fruit
3.5,slightly dry cocoa berry
3.5,intense tangy alcohol
2.75,gritty floral vanilla
3.75,strawberry candy flavor
3.5,creamy sweet fudgey
3.25,sandy floral sweet
2.25,strong vanilla notes
3.25,smokey woody tobacco
3.0,caramel spice earthy
2.75,intense bitter dry
2.75,sandy sweet molasses
2.75,intense floral black pepper
2.75,intense floral bitter earthy
3.5,dry cinamon nutmeg
2.75,pastey nutty
2.75,intense smokey
2.75,sticky moss nuts
3.5,sticky delicate melon
3.5,caramel mild dried fruit
3.25,oily complex pungent
3.25,acidicity nutty roasty
3.5,balanced complex berry
3.0,sweet nibby green
2.75,unbalanced tangy pungent
3.0,gummy roasty fatty
3.0,gummy fatty sour
3.0,aroma smokey note
4.0,smokey raspberries cocoa
3.75,intense red berry strawberry
4.0,cinamon nutmeg
3.5,tobacco dairy sour
3.5,mocha intense sweet
3.5,nutty roasty dairy
2.75,sweet vanilla cocoa
3.5,ham smokey banana
3.5,dark cocoa spicy pepper
3.25,creamy macadamia pepper
3.25,nutty light toffee mild musty
4.0,creamy nutty cocoa
3.5,creamy banana rich
3.0,chunky nutty banana
3.0,bitter nutty rustic earthy
3.25,bitterish diluted vanilla
2.5,bitter molasses flour
2.5,molasses metallic earthy
2.5,sour tart molasses
3.5,smooth texture earthy nutty
3.0,gritty spicy earthy
3.0,fatty bland nutty
3.75,nutty astringent
3.5,intense rum tea
3.0,rich red berry sour
3.0,nutmeg sour
3.5,intense marshmallow cocoa
3.5,chocolate covered cherries
3.25,rustic red berry woody
3.0,chalky strong harsh smoke
3.75,robust cocoa fruity
3.25,dry cardamom medicinal
3.0,red berry strong wine sour
3.0,nutty bitterish
2.75,pastey spicey nutty
3.5,roasted nuts rich roasty
3.25,sweet sour milk
3.0,floral molasses chemical
3.0,molasses earthy spicy
2.75,rubbery burnt molasses
3.0,rich leather woodsy
2.75,unrefined fruity
2.75,sweet grass muted spice
2.75,fatty nutty
2.75,oily flat woody sour
3.5,complex fruity bitterish
3.75,gritty tart red berry powerful
3.5,chewy complex black pepper
3.5,sandy tart sour sweet
3.5,bready melon
3.0,astringent sour coffee
2.75,roasty coffee earthy
2.75,pungent flavor
3.25,grassy savory sour
2.75,sweet fruit chemical note
2.5,sweet dirty notes
4.0,creamy fatty floral
4.0,creamy coconut tang
3.75,spice woodsy long lasting
3.75,sandy creamy berry
3.75,mellow tart coffee
3.0,vegetal dominant tobacco
2.5,dry floral bitter
4.0,creamy strawberry nutty
3.0,oily intense cocoa burntness
3.0,bitterish nut possible mold
3.0,fatty roasty earthy
2.75,flat bread earthy
4.0,grassy black pepper
4.0,fatty spicy gentle roast
3.75,chunky grassy mild mint
3.5,fatty raisin grape
3.5,roasty woody mint
3.5,creamy cocoa smokey
3.5,oily fatty rich nutty
3.25,oily creamy woody
3.5,oily roasted nuts rich
3.25,fatty roasty black pepper
4.0,creamy homey nutty
3.75,complex brownie mint spice
3.25,roasty tobacco earthy
3.5,heavy roast fatty gateway
4.0,oily subtle mild coffee
4.0,creamy rich complex
3.25,sticky lavendar molasses
3.25,spicy banana
3.75,sweet rich mocha acidic
3.5,balanced floral honey
3.5,fatty brownie nutty
3.5,intense cooked banana
3.25,intense alocohol floral
3.0,oily vanilla caramel dairy
4.0,intense raisins roasty
3.75,intense cocoa complex
3.75,complex brownie lime rich
3.75,simple rich
3.5,nutty slight hammy rich
3.75,sandy floral honey
3.25,earthy cherries
4.0,nuts fruit
3.5,tart tea leather sour
3.25,bitter dark berry fatty
3.25,mild smoke raisins coffee
3.25,citrus sweet cocoa
3.0,roasty sweet brownie
2.75,bitter tart acidic
3.0,chalky sandy tart bland
3.5,spicy black pepper banana
3.5,floral banana
3.0,sweet mild molasses bland
2.75,fatty sweet metallic
3.25,powdery floral molasses
2.75,gritty sweet brownie
3.0,roasty refined
2.5,dirt earthy floral
3.5,floral mild citrus orange
3.25,roast coffee spicy
3.25,roasty fruit mild metallic
3.25,coffee roast spicy
2.5,sweet sour dairy
3.0,smokey sour
3.5,basic w palm notes
3.25,molasses sour notes
3.75,subtle refreshing
3.5,vegetal unique
3.0,pungent grassy melon
2.5,dirt floral sweet
2.75,creamy burnt wood
2.5,oily buttery intense
2.25,roasted bitter nutty
2.5,roasty almost burnt intense
3.0,creamy woody cocoa
2.0,sandy dairy cocoa
2.0,dry flat flavor astringent
3.0,spice fruit medley roasty
3.5,gritty sweet citrus
3.75,light color creamy hazelnut
3.0,light color dirty astringent
2.5,light color dirty musty
3.75,fruity nutty brownie
3.5,bright fruit strawberry
3.25,nutty intense leathery
2.5,intense earthy fuel
3.5,assertive fruity acidic
3.25,intense black licorice nutty
3.25,spicy nutty ends sour
2.75,sandy chalky earthy
3.0,raspberry dirty sour
2.5,acidic sandy grass
3.5,intense marshmallow fruit
3.5,earthy woody smoke
3.25,intense spice
2.75,green vegetal soil fuel
3.75,rich nutty acidic
3.75,distinct short dried fruit
3.75,mild cocoa astringent
3.5,deep cocoa fatty dairy
3.75,creamy blueberry black pepper
3.25,rustic gritty sweet fruit
3.0,rustic sweet one dimensional
3.75,oily cherry rich
4.0,distinct lemon
4.0,creamy nutty banana rich
4.0,creamy mild spice cocoa
3.75,creamy mild spice hazelnut
3.5,creamy earthy dark roast
3.5,gritty fudge nutty
3.5,intense roasty rich
3.25,silky andes mint nutty
3.5,rich cherries acidic
3.5,balanced dairy spicy
3.25,dried fruit sour nutella
3.0,sour milk late tart
3.0,ripe grapes acidic
3.25,gritty molasses
3.5,sandy sweet bold citrus
3.5,dry spicy fruity
2.5,cloying fatty bitter
1.5,klingy hint fruit bitter
2.5,burnt coffee fatty
2.25,burnt front
3.0,nutty ashey coffee
3.5,fatty controlled bitter fruit
3.5,oily surface berry cream
3.0,intense fatty brownie
2.5,intense ashey earthen
3.25,dairy chocolate mild fruit
3.0,strong nutty notes
3.0,sandy bold cherry
2.75,sweet acidic fatty
2.5,nutty burnt fuel
3.5,sandy sweet spicy
3.25,sticky sweet grassy
3.0,sweet floral yogurt
2.75,crumbly cinamon
2.5,perfume chemical note
2.0,grainy intense bitter
3.75,tart malt mild smoke
3.5,mild smoke melon
3.0,fatty woody coffee
2.75,fatty fruit muted
3.5,woody spicy tobacco
3.5,acidic astringent spicy
3.25,floral earthy acidic
3.5,sweetest mild spice
3.5,sweet grassy nutty
3.25,nutty grain late choco
3.25,mild smoke sweet edge
3.0,sweet marshmallow
2.0,notes vanilla
3.25,molasses rich vegetal
3.0,sandy intense sweet rich
3.5,sandy mild intensity fruit
3.25,sandy nutty cocoa
3.25,sandy molasses spice
3.0,sandy tobacco molasses
3.0,mild metallic spice
2.75,molasses cocoa
2.5,sandy fruity acidic metallic
3.5,caramel molasses fruit
3.5,caramel sweet delicate
2.75,soapy earthy
3.75,med roast grassy dried fruit
3.5,roasty black pepper nutty
3.5,nutty floral roasty
4.0,bright fruit molasses nutty
3.25,nutty roasty caramel
3.75,smooth caramel dried fruit
3.5,smooth mellow floral
3.0,creamy woody slight cherry
2.75,mild fruit notes
2.75,nutty roasty smokey
2.5,burnt rubber leather
2.75,sandy roasty coffee
3.0,dark roast rich
3.5,butter roasty cocoa nutty
3.25,slightly metallic woody berry
3.0,dry sandy cocoa
2.75,sweet spicey
3.5,green leafy
3.0,spicy chocolatey atypical
3.5,chalkiness floral pure
3.25,floral earthy
3.25,powdery bland mild choco
3.0,bland mild choco leather
3.5,roast banana raspberry
2.75,roasty sour milk note
3.25,chunky spicy rubbery
2.5,grassy rubbery
2.75,flat floral medicinal
2.5,flat metallic floral
2.5,spicy earthy notes
3.0,sugar dominates molasses
3.75,mild fruity nutty
3.75,mild earthy grassy
2.5,sticky bitter molasses tart
2.5,sticky coconut sour bitter
3.25,molasses tart floral
3.0,gritty sweet molasses
3.0,sandy rich roasty earthy
3.0,gritty nutty caramel
2.75,roasty cocoa molasses
2.75,nutty roasty bitter
2.5,gritty molasses earthy
2.75,unrefined odd vegetal
3.75,nuts coffee peanut butter
3.5,bold rich coffee
3.25,earthy coffee mild tang
3.25,tart bright fruit sour coffee
2.75,sandy sweet cocoa
2.5,sandy fruity burnt
3.75,intense orange floral notes
3.75,floral orange cocoa
3.75,bitterish fruit spice
3.0,nutty honey grassy
2.5,fatty vanilla mass market
2.75,acidic fruit roasty
2.75,sandy sweet
2.5,sandy tart ham sweet
3.0,sweet marshmallow
2.5,earthy floral bitterish
2.5,sweet cardboard
3.5,long lasting cocoa base
3.25,chewy fudge perfume
3.25,oily grassy minty
3.5,spicey cocoa
3.25,earthy sweet
2.5,coarse sweet sour leathery
2.5,gritty bitterish notes
3.0,oily muted fruity
3.0,roasty tart slight burnt
3.0,slow fatty subdued nutty
2.75,fatty cigarette butt coffee
2.5,dry ashey medicinal
2.75,gritty sweet hot cocoa
3.25,grainy sweet whole bean
2.75,sweet sandy spicy
3.75,bold spice hit anise
4.0,creamy dried fruit nutty
3.75,smooth spicy cocoa
3.5,rich floral acidic
3.5,basic mild fruit sweet
3.25,cocoa woody basic
3.0,roasty hammy nutty
3.0,sweet peanut butter
2.75,red berry bitter roasty sour
3.75,dry sandy cocoa coffee
3.0,bitter light lime sour
3.75,short mild cocoa mild fruit
3.5,creamy floral bourbon
3.5,balanced anise creamy
2.25,raw dirty metallic dry
3.0,berry spices smoke
3.5,bold roasty sticky brownie
2.75,woody nutty sour note
3.0,creamy woodsy cocoa
3.0,intense tangy berry sour
3.0,lemon sour slight metallic
3.75,dark berry winey
3.5,slow less intense berry nutty
3.25,woodsy nutty
3.0,creamy buttery non descript
3.25,coffee cocoa
3.25,oily fatty rum
3.25,oily coffee
3.0,fruity bland
3.0,dry spicy woody
2.5,harsh aroma melon floral
3.75,creamy nutty cocoa
3.5,silky minty
3.5,sandy sweet tart red berry
3.25,oily fragrant spciy
3.75,oily rich nutty
3.5,sandy sweet nutty
3.25,spice roasty fatty note
3.25,sandy sweet smokey
3.25,acidic sweet cucumber
3.25,sandy sweet spicy roasty
2.75,banana nut
2.5,real sugar molasses
3.75,creamy complex fruity
3.25,oily bitterish nutty fruit
3.5,banana spicy grassy
3.25,deep cherry earthy rubbery
3.25,nutty citrus
3.25,vanilla banana citrus
2.75,sandy candy like vanilla
2.75,hammy sour astringent
3.5,floral banana
3.0,floral sour synthetic
2.75,oily grapes pungent
2.25,pungent intense
2.5,sweet vinegar
3.75,spicy fudgey
3.25,grassy green candy spice
3.0,dried fruit tannic
3.5,roasty oreo shell coffee
3.5,mild smoke raspberry cocoa
3.25,licorice sour rich
2.75,acidic sour cocoa
3.75,cherry rich choco
3.5,heavy roast blackberry
3.5,gummy nutty bourbon
2.75,roasty spicy nutty
3.0,intense roasty coffee raisin
3.75,cherry rich choco
3.0,cocoa sour toffee earthy
3.5,ripe orange citrus
3.25,nutty acid
3.0,vegetal high astringent
3.5,green apple sticky
3.25,grassy fruity brownie
3.25,brownie red berry
3.25,cocoa flavor dominates
3.25,wood holiday spice soap
3.0,dark woody plum astringent
3.5,oily dried fruit vanilla
4.0,sweet spice floral
3.75,spicy
3.75,oily toffee hints fruit
3.25,nutty ashey spicy pepper
3.0,gummy fatty caramel
3.25,fatty sunflower peanutbutter
3.25,floral licorice roasty
3.0,raisins astringent
2.75,nut tobacco burnt notes
3.25,muted creamy basic
3.0,muted creamy grapes fatty
3.25,roasty nutty sweet
3.25,bold floral rum
3.0,sweet strong sour acidic
3.0,intense sweet brownie
3.25,mild cherry fatty
3.25,nice melt odd rubber notes
2.75,chalky vanilla caramel
2.75,fatty powdery nut burntness
2.5,vanilla fatty basic
3.5,texture issues brownie
3.5,one dimensional brownie
3.0,roast fruit
2.5,roast intense fatty
3.0,dark coffee cocoa
3.0,cinamon nutmeg coffee
3.0,nutty simple sweet
3.0,waxy tobacco smokey
3.0,mild mint basic
2.5,sandy cloying rich
3.75,fatty rich roasty
3.0,smokey chalky berry caramel
3.0,bitterish fatty grassy
2.6,dirty floral unrefined
2.5,metallic dirt earthy
2.5,vanilla chemical rubber
3.0,smokey roasty acidic rich
3.5,red berry lingering coffee
3.5,sticky woodsy rum
2.75,intense fruit bitter ending
3.25,grassy tea late sour
3.0,earthy tart sour
2.75,sandy flat hint berry
2.75,sticky roasty nutty
2.75,dry mint medicinal
3.5,butter floral rum
3.25,oily black pepper roasty
3.5,mild fruit spice roasty
3.75,sticky rich cherry
3.5,tropical berry intense
4.0,well defined creamy cherry
3.75,blackberry raisns
3.75,sticky roasty nibs grapes
3.75,cocoa tea malt
4.0,creamy sticky dried fruit
3.75,sticky dried fruit toast cocoa
3.5,burnt honey earthy
3.0,complex sweet sour grassy
3.0,bland fatty fruit
2.75,cocoa raw dirty chemical
2.5,late cocoa harsh notes
3.5,nutty caramel toffee
3.25,mild cherry earthy
3.25,fatty rasin nutty
3.0,intense spicy floral
1.5,acidic astringent unpleasant
3.0,sticky floral
3.5,creamy basic
3.25,floral olive
3.0,long lasting fruit
4.0,creamy complex coffee
4.0,creamy nuts woody cocoa
4.0,creamy mint tobacco olive
3.75,creamy smokey tobacco
3.5,fruity basic
3.5,smooth banana cocoa
3.25,sticky smoke ham earthy
3.25,mild spice licorice
3.75,sticky olive
3.5,sticky grassy coffee
3.0,cucumber hot spices
3.0,creamy woody earthy
3.0,subtle caramel sour milk
3.5,smooth intense smoke nut
3.75,creamy coffee caramel
3.5,sticky nutty
3.75,floral well developed creamy
3.75,nutty strawberry creamy
4.0,creamy sticky fruit
2.75,bitter molasses marshmallow
2.75,fruity molasses
2.5,burnt rubber molasses
2.75,licorice molasses rubber
3.5,near perfect shine cocoa
3.5,molasses fruit
2.75,molasses notes sugar
3.0,dry cocoa grassy spicy
2.75,dry sour sweet mild fruit
2.5,dry earthy walnut
3.75,rich fruity strong floral
3.75,dark forest berry spice
3.5,caramel cocoa
2.5,chalky bread dirt
3.75,dried fruit grapes sour
3.5,heavy roast woody berry
3.5,intense cocoa
3.25,intense almond coffee
3.0,licorice leathery
3.75,creamy nutty
3.75,black pepper rich intense
3.5,sandy full bodied spicy
4.0,intense spicy butterscotch
2.75,candy like flavor
3.25,intense earthy cocoa roasty
3.5,cocoa honey watery sweet
3.25,coarse earthy mild banana
4.0,blackberry cinnamon
3.5,sandy orange butterscotch
3.5,fatty roasty intense brownie
3.25,dates acidic rich
3.25,cherry earthy tobacco
4.0,smoth dense grape
3.75,spicy cocoa
3.5,ultra fruity
3.25,waxy spicy tobacco
3.25,dried fruit strong floral
3.25,mild dried fruit chocolate
2.75,buttery burlap
3.5,nutty almond butter
3.0,dry gritty cardboard nutty
2.75,lemon tart burnt chemical
3.75,nutty rich red berry
2.75,gritty chalky earthy sour
3.0,muted cherry banana
2.5,sandy banana sour
2.5,gritty sweet banana smoke
3.0,sandy bold cherry peanut butter
2.75,sweet marshmallow
3.75,spicy caramel vanilla
3.5,cocoa fig notes
3.25,sandy tannic earthy
2.75,low refinement sweet
3.5,brownine nutty
3.0,coarse woody roasty
3.5,simple mild cocoa fruit
3.5,spicy sweet
3.5,fruity roasty
3.25,earthy floral cocoa
3.25,carrots heavy roast
3.0,intens brownie spicy metal
3.5,muddy rainins nut rubbery
3.0,fruit dirty
2.5,dirty earthy burnt honey
3.25,spicy green long intense
3.25,grit smoke wood blackberry
3.0,bitterish smoke hammy
3.0,woody cocoa
3.5,hazelnut fruit slight bitter
2.75,sweet vanilla sticky
2.0,sticky slight plum medicinal
2.75,nutty ginger notes
2.75,sweet vanilla mild banana
2.5,gritty overyly sweet fruit punch
2.5,grits sweet banana
2.5,strong vanilla strawberry nut
2.5,gritty sweet vanilla woody
3.75,coarse bitterish raisin
3.5,spicy roasty bitterish
3.0,mild fruit earthy
3.5,prominent plum note
3.0,dominated heavy roast
2.75,perfume floral vanilla
3.0,roasty spicy nutty
2.75,metallic notes powdery
2.5,fatty sandy nutty notes
4.0,complex raspberry cocoa
3.5,fatty rich spice nutty
3.0,basic short length
3.0,creamy floral complex
3.0,creamy roasty cocoa
2.0,malitol cocoa
3.5,spicey marshmallow
3.25,sandy sweet mild fruit
3.0,molasses licorice bitter
2.5,intense molasses bitter
2.25,intense molasses sweet
3.25,fruit cocoa fatty
3.0,banana bland sour
2.75,hammy roasty
2.75,nutty melon vinegar
3.75,cherry cocoa creamy
3.5,caramel acidic creamy
3.5,plums cocoa
3.25,creamy honey mild hammy
3.5,roasty simple
3.0,acidicity bitter nutty
2.75,hammy dried fruit
2.75,hammy large grits
3.5,muted mild sweet cocoa
3.5,fruit spicy mild molasses
3.0,molasses sour notes
2.75,coconut real sugar bar
2.75,strong vanilla earthy nutty
2.75,vanilla dried fruit nuts
3.75,gummy sandy complex
3.5,sticky floral
2.75,gummy bland sour
3.5,roasty hazelnut cocoa
3.25,sandy dried fruit roasty
3.0,nuts sour milk
3.0,sandy powdery late sour
2.75,coffee acidic astringent
3.5,roasted nuts citrus creamy
3.0,sticky dried sour fruit roasty
3.75,floral orange cocoa
3.75,fig mild anise
3.25,nutty bland late sour
3.0,tropical vegetal rubbery
3.0,honey mild floral mild
3.0,fruit smokey mocha
3.0,dirty roasty acidic
3.75,nutty dried fruit
3.5,grits hazelnut rum
3.75,caramel dairy
3.5,intense tobacco nuts
3.5,nutty
3.25,dried fruit large grits
3.0,large grits
3.0,dryness gritty fruity nuts
2.5,large grits sweet
3.5,coarse hazelnut peanut
3.5,banana
3.5,grits spicy cocoa
3.5,coarse intense spice
3.0,intense bitter notes
3.5,coarse perfume heavy roast
3.5,choco covered strawberry
3.5,olive rum
2.5,fruit cough medicine
2.0,sandpaper fruit bitter
3.5,spice citrus sweet
3.25,sweet tobacco
3.0,bitterish roasty red berry
3.5,roasty grapes rich brownie
3.5,slight dry citrus grapefruit
3.25,tea spicy sweet
3.5,complex mild licorice spice
3.25,creamy roasty tobacco
3.0,creamy simple nutty
2.75,slightly burnt earthy
4.0,tart roasted cocoa
3.5,red berry roasty notes
3.5,woody grassy long
3.25,grassy brownie astringent
3.25,spicy cocoa
3.25,bready nutty earthy intense
3.0,sandy cocoa red fruit
2.75,bitterish mild cocoa roasty
2.75,woody red fruit sour
4.0,caramel nuts dried fruit
4.0,tart red berry smoke
3.5,mild smoke fruit
3.5,smoke fruit sour hammy
3.0,sandy smoke red berry
4.0,chocolate covered banana
3.75,blackberries caramel roasty
3.75,cocoa fresh grapes
3.25,mildly burnt caramel
3.5,orange mellow flavorful
3.5,fruity floral caramel
3.5,slow develop caramel roasty
3.0,light color leathery flavor
3.75,long lasting fruit spicy
3.5,rich mild fatty
3.5,rich nuts
3.5,complex nuts spice floral
3.25,roasty mild fatty
3.75,creamy simple strong choco
3.5,creamy fragrant
4.0,banana yogurt cocoa
3.5,spice fatty mild cocoa
3.5,strong fruit ham deep cocoa
3.5,vegetal herbs raw
3.75,creamy black pepper nut
4.0,honey deep cocoa
4.0,banana dairy cocoa
3.75,strong cocoa orange citrus
3.75,cocoa savory
3.75,black pepper high astringent
3.5,unique flavor floral spice mix
3.5,delicate balanced
3.25,woody grassy spicy
3.25,acidicity grassy
3.0,sweet metallic
3.0,floral sticky
3.5,tobacco woody wild berry
3.5,roasty fatty woody
3.25,fatty leathery earthy
3.75,oily gritty savory
3.25,intense olive citrus vegetal
3.25,spicy earthy
3.25,oily fatty bold olive
3.5,baked bread
3.25,oily burnt black pepper
3.5,mild fatty nutty roasty
3.25,oily spicy sour
3.0,oily sweet dairy bland
3.25,cocoa spicy sweet
3.0,fatty sweet vanilla
2.5,oily tart chlorine
3.75,dried fruit intense
3.0,sandy sweet molasses floral
3.75,delicate hebs choco
3.0,acidic undefined brownie
4.0,oily dried fruit leather
3.75,oily tropical
3.75,balanced fruit nut roasty
3.5,black current bitter astringent
3.5,dried fruit cocoa
3.0,grainy texture sour hammy
3.0,accessible sweet sandy
2.5,cheesy flavor
2.5,gritty ambiguous
4.0,cocoa coconut
3.5,sticky spice roasty earthy
3.5,deep cocoa fruit spice
3.5,red fruit tart fat leathery
3.25,sandy sweet candy tart
3.5,chewy woody rustic
3.5,fatty creamy roasty
2.75,dry grainy spicy roasty
2.75,earthy roasty strong vanilla
3.0,mild woody black licorice
3.5,mild strawberry cocoa
3.0,poor texture earthy
3.0,floral rubbery woody
2.5,acidic mildly burnt metallic
3.25,sweet edge bright fruit sour
3.25,mild molasses rich gateway
2.75,sour flavor nutty earthy
3.25,creamy fig
2.75,fruit tart rubber
3.0,fatty vanilla dairy
2.5,mildly rich basic roasty
3.5,rich coffee cherry
2.5,sour grapes pungent ashey
2.5,sour grassy fatty
2.75,sweet coffee mild sour
3.25,chunky muted bitterish
3.25,mild nutty spicy brownie
3.0,sweetness nutty note
3.0,hot cocoa nutty
3.0,light perfume mild sweet
3.0,gritty roasty strong coffee
2.75,earthy chemical burnt note
3.5,creamy sweet blueberry
3.5,creamy blackberry
3.5,sweet rich mild citrus
3.0,creamy sweet floral vanilla
3.0,fatty cocoa fruity
2.5,sweet creamy vanilla
3.5,creamy sandy nutmeg moss
3.5,creamy nutty
3.0,sweet vanilla rich
3.0,perfume vanilla
3.5,complex fruit nut raisin
3.0,sweet mild lemon
3.0,bitter fatty fruit
3.0,creamy mild tobacco ham
3.25,sweet creamy floral orange
3.25,dry sticky brownie
2.75,dutched intense rich
3.5,spicy roasty
3.25,sweet vanilla cocoa
2.75,creamy burntness roasty
2.75,floral roasted harsh
3.75,nutty black licorice
3.5,sandy intense cherry
3.25,chalky berry cocoa
3.25,muted mild fruit sweet
3.0,fatty nutty earthy
3.0,sandy roasted vegetal
2.75,smokey cherries sour
2.75,xl nibs sour cardboard
2.75,molasses sweet long cocoa
2.5,buttery floral burnt
3.0,chewy fatty sweet nutty
2.75,overyly sweet banana yogurt
3.5,rich chocolate sweet edge
3.5,rich chocolate sandy texture
3.0,sandy sweet dried fruit
3.25,powdery rich coffee roasty
3.0,flat late tart notes
3.25,sandy brownie coconut
3.0,sandy sweet cocoa
3.5,earthy dirty dried fruit
3.25,cocoa fatty fruit
2.75,pungent chemical
2.75,powdery vanilla artificial
3.0,nutty sweet fatty sandy
2.5,rubber fatty sandy grape
2.5,sandy fatty chemical
3.25,pungent raisin metallic
3.5,mostly earthy mild dried fruit
3.75,nutty butterscotch
3.75,spicy intense fades fast
3.5,full flavor spectrum
3.0,woody earthy medicinal
3.5,astringent smoke cream
3.5,floral
3.5,strong floral black licorice
4.0,dark berry honey cream
3.75,creamy mild nutty woody
3.5,sandy sweet mild fruit
2.75,sweet spicy candied
3.25,floral palm sour
3.25,palm spicy flour
3.0,sandy tart tangy palm
3.0,intense palm nutty
2.75,intense palm earthy
3.5,fruity tannic coconut
3.0,lemon late sour molasses
2.75,sour citrus molasses
2.5,harsh flavor hay
2.25,light color sour pungent
3.5,mild caramel honey
3.25,intense bitter coffee
2.75,sour earthy
2.75,nutty notes
3.5,butterscotch burnt cinnamon
3.25,acidic sweet nut strawberry
3.5,dry nutty sweet
3.25,dry intense floral spciy
3.0,dry floral slight musty
2.5,sandy perfume nutty
2.0,perfume burning
3.75,red berry cocoa mild coffee
3.5,coffee red berry tart
2.75,sandy red berry sour
2.5,dry sour cheesey
3.5,floral roasty coffee
3.5,rich fatty
3.5,creamy nutty tea fatty
3.5,muted fatty nutty
2.75,sour raw green
2.5,real sugar green fatty
4.0,cardamon
2.75,smoke cocoa fruit fuel
2.75,dry woody dried fruit
3.0,sour raisin woody fatty
3.0,fatty bitterish banana
3.0,grassy tobacco intense
3.0,fungal mushroom mild burn
2.75,sandy sweet mild cocoa
2.75,ashey woody bright red
3.25,sweet cocoa grassy
3.0,bitterish floral
3.0,woody nutty short
3.5,sweet red berry sour
3.5,tart fruity intense
3.5,oily spicy burntness
3.0,sandy vegetal sour
3.0,oily leathery intense bitter
3.0,nutty mild coffee
2.5,candy uncontrolled bitterness
3.75,nutty coffee rich
3.25,fatty gritty roasty
3.75,raisins rich choco
3.5,spicy mild fruit fatty
3.0,intense cherry metallic
3.0,woody floral metallic
3.0,earthy metallic edge
3.5,spicy mild roasty
4.0,creamy nutty delicate fruit
4.0,creamy nutty fruity
4.0,peanut coffee cocoa bread
4.0,creamy nutty earthy
3.75,creamy cocoa lemon
3.75,creamy roasted nuts fatty
3.75,creamy nutty cocoa
3.5,creamy nutty muted
3.25,creamy sour raisin
3.75,fatty rich berry notes
2.5,sour sweet rubber
3.25,heavy roast black licorice
2.75,sandy strawberry coconut
3.0,buttery intense spice roasty
3.25,molasses roasty
3.0,sandy caramel
2.75,sandy sweet spicy
3.5,intense tart earthy
3.25,mild metallic spice tea
3.25,roasty nutty spicy
2.25,notes pungent
2.75,woody meaty vegetal
3.5,intense cherry rich metallic
2.75,intense molasses fruit
2.0,gritty unrefined notes
3.25,sandy sweet
3.75,full bodied floral
3.5,dairy nutty butterscotch
3.5,sweet fruity vanilla
3.5,floral bourbon salt
3.5,vanilla gateway
3.0,candy like sweet dairy
3.0,floral tobacco candied
3.25,complex bold gritty
3.25,bold spice sour fruit gritty
3.0,gritty coffee sweet hammy
2.75,note vanilla basic
2.75,harsh burnt nuts powdery
3.75,brownie
3.5,nutty cocoa sour veggie
3.5,herbal tea
3.0,floral earthy grassy
3.5,raisins prunes
3.25,sweet basic
3.25,candy peanut butter
3.0,nutty sour milk note
3.75,creamy floral dried fruit
3.75,creamy distinct dried fruit
3.5,creamy balanced fig cocoa
3.0,sandy sweet acidic
3.0,creamy black tea vegetal
3.25,basic fruit fatty
3.0,spicy tobacco
3.0,muted grapes astringent
3.5,intense mint marshmallow
3.0,creamy mild marshmallow
3.0,spicy bitterish
3.0,fruity floral cooling sensation
2.75,sweet vanilla coffee
2.75,creamy nutty bitter flat
2.5,crumbly vanilla bitter
2.5,grassy earthy coffee
3.75,fatty dark berry grassy
2.0,sweet vanilla domintates nut
3.25,poor finish cocoa grassy
3.0,gritty sweetest citrus
3.25,medium roast nutty
3.0,gritty sour berries
3.0,sticky molasses sour
3.75,intense acidicity
3.25,nuts dried fruit grassy
3.0,roasty nutty
3.25,astringent smokey cocoa
3.0,light color
3.25,strawberry intense sour
3.25,intense spicy pungent
3.25,spicy molasses earthy
3.25,earthy fatty tea
3.0,nutty sour milk
2.75,nutty pungent sour
2.5,intense pungent tangy
3.75,creamy mild flavors
3.75,oranges
3.25,spicy vanilla dairy
2.75,astringent unbalanced
3.0,vanilla candy sour milk
3.0,mild vanilla mild fruit
2.5,vanilla earth cardboard
2.5,intense bourbon vanilla
3.5,smooth rich lemon
3.0,rich spice cheese
3.75,simple rich hot cocoa
3.25,creamy cocoa spice
3.0,cocoa nutty acidic burning
3.75,spicy roasty coffee
4.0,creamy woody nutty
3.75,berry rich dominates
3.25,floral soapy earthy
3.0,unrefined sweet basic
3.25,molasses acidicity
3.25,tart molasses grits
3.0,anise spicy earthy
3.0,earthy molasses dried fruit
3.5,fruit cocoa grape
3.5,dry melon cocoa
3.5,sandy grapes
3.5,roasty dark berry rich
3.75,cocoa caramel sweet
3.5,nutty grassy rich
3.25,rich burning sensation
3.0,rich sweet cocoa intense
3.5,rich vegetal banana spice
3.5,nutty pear sour milk
3.25,creamy rich dairy nutty
3.25,sweet nutty cocoa
2.75,brownie cocoa sour sweet
3.5,rich mild fruit nut
3.5,citrus prononced orange
3.0,mild hammy roasty sour
2.75,fatty roasty coffee note
2.75,nutty woody leathery
3.75,creamy mild honey floral
3.5,rich roasty nutty smoke
3.25,sandy fatty roasty fruit
3.25,smokey rich spice
3.0,slight burnt astringent fruit
3.0,roasty nutty rich
2.75,roasty sour cardboard
2.75,gritty roasty waxy
3.0,chalky fatty sweet
3.0,chalky cocoa tangy
3.0,fatty nutty woody
3.5,spicy grassy roasty
3.5,complex dairy roasty
3.25,sandy rich
3.0,simple earthy cocoa
3.75,well balanced melon
3.5,sandy light color grape
3.25,basic mild ham woody
2.75,sandy hammy
3.5,intense sticky cocoa
3.5,cocoa spice fruit
3.5,subtle spicy banana
3.25,dried fruit nutty mushroom
3.25,red fruit brownie
3.0,roasty black pepper woody
3.25,floral black licorice
4.0,mild licorice coffee cocoa
3.5,strong raspberry mocha
3.25,smokey mild berry
3.75,brownie
3.25,woody mocha molasses
3.25,spoiled milk sweet molasses
3.5,sandy citrus
3.0,sweet edge bright fruit
3.75,rich spicy edge
3.5,creamy strawberry cocoa
3.5,fatty nutty melon like
3.5,fatty grassy cocoa
3.0,fatty roasty cocoa
2.75,grits roasted nutty
3.0,harsh burnt mild cocoa tang
2.5,black pepper vanilla harsh
3.5,sandy floral vanilla candy
3.0,aluminum mild coffee roasty
3.0,strong brandy smoke
3.75,spicy candied complex
3.75,dairy pudding
3.25,sweet candy nutty
2.0,multiple flavors metallic
3.5,intense mocha flavor
3.25,nutty mild dairy
3.0,smokey earthy cocoa
2.5,potting soil
3.25,oily burnt earthy
3.0,rustic basic earthy
3.5,marshmallow rich brownie
3.0,sticky marshmallow cocoa
3.0,watered coffee cocoa
2.75,sweet caramel candy
2.75,gritty cocoa base ashey
2.5,gritty roasty rubbery
4.0,intense nutty cocoa
3.75,sandy woody peanut butter
3.5,sandy red berry cocoa
3.5,sticky bitter nutty
2.75,raisiny chewy
2.75,sticky strong vanilla pepper
2.5,sandy sweet strong vanilla
3.5,vanilla brownie peanut
3.25,creamy vanilla rich fruit
3.25,creamy burnt nuts woody
3.5,strong vanilla nut coffee
2.75,intense vanilla swiss miss
2.75,fatty vanilla candy
2.75,vanilla earthy caramel
3.5,mild earthy mild cocoa nut
3.75,creamy hay nutty
3.25,nutty cooling sensation
3.0,creamy nutty mass market
2.0,chalky astringent vanilla
2.0,strong vanilla spice
3.5,creamy sublte grape notes
2.75,cardboard tea
3.5,sandy sweet cocoa
2.75,gummy smokey hammy
2.75,sweet vanilla easter candy
3.5,creamy crunchy sweet
3.0,hammy unrecognizable
3.75,berry nutty sour
2.75,nutty green
2.5,rubber medicinal
2.5,soil wet notes
2.75,muted nutty
3.25,molassses intense herb
3.25,molasses sweet cocoa
3.0,banana menthol medicinal
2.75,oily tangy fruit earthy
3.75,orange cocoa
3.75,dried fruit balanced cocoa
3.5,smoke fruit
3.25,sweet fatty fig
3.5,dried fruit spicy sticky intense
3.5,cocoa coconut
3.25,chewy brownie like
3.25,grits roaste brownie
3.75,nutty intense roasty
3.5,coarse intense nutty
3.75,basic balanced deep cocoa
3.5,nutty roasty
3.5,fruity tangy cocoa
3.5,delicate caramel peanut
3.5,coarse floral rum
3.5,rich bright fruit
3.5,lemon spicy cocoa
3.5,grassy woody sweet
3.0,sweet fatty roasty
2.75,heavy roast grits rich
2.75,roasty coffee rubber
3.25,intense sour tart
3.0,earthy tobacco ashey
3.5,complex creamy cherry
3.25,sweet spicy dirty
3.0,notes rubbery hammy
3.0,pungent tangy grapes
3.0,pungent grapes brownie
2.75,smokey dirty sour
3.25,earthy coffee roasty
2.75,dried fruit woody dirty
3.5,citrus
3.5,roasty coffee
3.5,cocoa spice late sour
3.5,sticky pepper cinamon rich
3.5,melon roasty
3.0,creamy fatty black pepper
3.5,fatty heavy roast nutty
3.75,spicy fragrant
3.5,roasty rich coffee nut
3.25,long mild honey rich
3.5,fatty roasty nutty
2.5,fatty rubber medicinal
2.25,waxy rubber medicinal
3.25,sandy mild floral mild nutty
3.0,sandy earthy sweet edge
2.75,sticky pungent note
3.25,sticky earthy coffee
3.0,dry sticky nutty earthy
2.75,sticky woody musty
3.75,gritty raspberry sour
3.5,rich coffee roasty
3.5,gritty tangy cocoa
3.25,dry gritty red berry coffee
3.0,sandy strawberry sour
3.0,dry sandy intense berry
3.0,orange lemon coffee ground
2.75,gritty acidic sour
2.75,gritty sticky smoke hammy
3.5,gritty fruit tart rich
2.75,gritty sour sweet
2.5,gritty tartest sour
3.75,tart deep choco
3.25,green vegetal mild spice
3.0,bitterish citrus intense
4.0,sticky red fruit
4.0,creamy grassy smoke nut
3.75,nutty fruity spicy
3.5,sticky butterscotch nutty
3.5,sweet cherry cream raisin
3.25,heavy roast smoke
3.25,roasty coffee
3.25,intense burnt bitter spice
3.25,sweet edge sour fruit
3.0,nutty cheese savory
3.0,roasty hammy dirty
3.0,gritty sweet earthy
3.25,cocoa strawberry
2.5,musty woody rubbery roasty
3.5,roast nutty deep choco
3.0,spicy metallic molasses
3.0,fatty sligthly bland earthy
2.75,molasses sweet choco
2.5,pungent
3.25,smooth coconut cocoa
3.25,creamy coconut cocoa
2.75,dry floral dirty coconut
2.5,floral earthy bitter
2.5,sticky tart slight burnt
2.5,uneven smokey hammy
3.5,intense grassy spicy rich
3.5,dried fruit rich
3.25,intense ham butterscotch
3.25,acidic pomegrant brownie
3.0,dairy caramel
2.75,fatty bitter woody roasty
2.5,earthy floral rubbery
3.5,creamy fatty mild cherry
3.0,fatty creamy olive
3.75,dried fruit mild hammy
3.25,roasty smokey acidicity
3.5,accesible simple cocoa note
3.5,grape mild smoke sandy
3.75,creamy raisins licorice
3.75,grapefruit spices
3.75,tropical fruit mild smoke
3.0,creamy licorice herbs
2.0,sweet crisp nibs
2.0,bitter coffee flavor
2.0,smooth bold bitter
3.5,cocoa orange
3.5,creamy smoke raspberry
3.75,raisins melon
3.25,sandy earthy fatty
3.5,dairy cocoa fatty apple
3.0,sandy grits nutty vanilla
2.5,leather salt
2.0,sticky cardboard bother
1.5,chemical salt wtf
3.25,strawberry cream spice
2.5,molassses palm spicy
3.75,spicy rich mint
3.75,nutty grassy woody
3.5,woody lemon bitterish
3.5,black pepper dairy
3.5,rum herbal rich
3.25,banana melon fatty
3.5,grape cocoa
3.25,candy spices sweet
3.25,complex real origin
3.0,fatty simple
3.5,wine brownie batter
2.5,unrefined burnt nuts vanilla
3.0,sandy nutmeg astringent
3.0,dry sandy empty sweet
3.0,dry sandy dirt empty
3.75,grape thick chewy
3.5,cocoa mild pear sticky
3.25,cocounut late sour
3.0,intense sour hammy
2.75,dry coffee notes roaster
2.75,sandy harsh floral
3.5,gritty sweet earty
3.5,slight grainy roasty spicy
3.25,tangy roasty ham
3.0,grits intense smoke
3.75,complex fruit nut rich
3.5,sour fig cocoa creamy fatty
3.5,coarse smokey citrus
3.75,sticky blackberry acidic
3.0,powdery intense floral
2.75,rough sweet dairy vanilla
3.25,basic
3.0,strawberry blueberry
3.0,earthy
2.5,dirty rubbery spicy
3.75,cocoa fig classic
3.5,dark berry earthy
3.0,roasty honey sweet
3.25,dry nutty fruity
3.0,intensest tart red fruit
2.75,intense smokey floral
2.75,unrefined hay sweet
2.75,unrefined bright berry sweet
3.25,fatty floral spicy
3.5,earthy spicy cocoa
3.25,chalky powdery molasses
3.0,light color spicy sweet sour
3.5,grassy spicy sweet
3.5,sweet rich
3.5,fruity roasty
3.0,gritty tart molasses
2.75,gritty sweet earthy
2.75,dry earthy atypical
2.75,sweet molasses gritty
3.0,earthy spicy cocoa
2.5,sweet earthy notes
2.5,sandy oranges
3.75,sandy floral spice roasty
3.75,orange floral caramel
3.25,sandy intense tropical fruit
3.0,coarse sweet
2.75,coarse sweet minty
3.25,bold savory creamy
2.75,strong rubbery woody sweet
3.5,brownie toffee
2.5,grassy dirt mild spice
2.5,intense pungent sour fruit
2.25,metallic medicinal pungent
3.25,dry sandy sweet acidic
3.0,pastey complex coffee vanilla
2.75,grassy earthy burnt
2.0,non descript poor aftertaste
1.0,pastey strong flavor
3.75,complex intense banana
2.5,gritty vanilla non descript
3.0,molasses bright fruit
3.0,molasses malt raisin
2.75,molasses rum tea
2.25,molasses nut roasty bitter
3.0,notes sugar
3.5,single note spicy
2.75,spicy red fruit raisins
3.75,floral cocoa creamy
3.0,pungent grape sour
3.0,sweet melon notes
3.0,basic sour ending
2.75,spicy vanilla sweet
3.25,strong basic rubber
2.75,sour rubbery
3.25,roasty mild orange
3.0,nutty roast spice
3.0,coconut mild metallic
3.25,sandy strawberries
3.0,woody coffee roasted cherry
2.75,fatty honey earthy
3.75,rich cherry smoke cocoa
3.75,rich mild smoke red fruit
3.5,fruity sour acidic
3.0,intense slightly burnt
2.75,earthy roasted nuts
3.25,spicy cocoa hammy
3.0,cocoa nut dried fruit rubbery
3.5,nutty banana cocoa
2.5,grassy vanilla burnt
3.75,creamy roasty mild grape
3.75,intense grapes sweet cocoa
4.0,peanut butter raspberry
3.75,melon earthy tobacco
3.5,smokey intense coffee
3.25,intense bitter sour smokey
3.0,smoke sour fruit hammy
2.75,smoke sour fruit hammy
3.5,cocoa roasty nutty
2.75,bitter intense nutty
3.0,sweet sandy fruit pungent
2.75,notes sour roasty
3.5,rich one dimensional
3.75,creamy cherry acidic
3.0,fatty cheese musty
2.75,sandy cheese sour
3.0,earthy cheesy
3.0,gritty simple cocoa burnt
3.0,sticky berry bitter
2.75,rubber cocoa bitter
2.75,creamy medicinal mint bitter
2.0,intense medicinal leathery
2.75,grits strong vanilla brownie
3.5,red berry mild molasses
3.0,intensely smokey
3.75,sweet dried fruit gateway
3.0,intense spice coarse
3.0,sandy cinamon roast
3.0,spicy sweet roast
2.75,sandy ashey mild fruit
2.75,sandy roasty fruity
2.75,grits roasty woody
3.0,fatty bland spice
3.25,rich bread notes
3.0,vegetable honey
3.0,creamy sour banana lemon
3.75,creamy melon subtle
3.25,creamy bitterish coffee
2.75,fatty dates musty
3.0,muddy pastey sweet vanilla
3.0,sticky tobacco
3.0,dry banana molasses
3.0,sandy molasses brownie
3.5,sandy green spice nuts
3.0,sandy rubber spice floral
3.0,creamy sweet green
2.75,floral rubber vanilla metallic
3.5,waxy sandy floral
4.0,light color complex molasses
2.75,spice mostly bitter
4.0,creamy spicy cocoa
3.75,creamy green fruit candied
3.5,savory smokey
3.25,floral green tannic
4.0,complex balanced
3.75,creamy tobacco cocoa
3.5,vanilla sweet gateway
3.25,molasses tart vegetal
3.75,red fruit intense bright
3.75,mellow fruity brownie
3.5,intense floral slight woody
2.75,vinegar sour
2.75,earthy nutty black pepper
3.75,cocoa melon dairy
3.5,rich dried fruit
3.25,slow sweet spicy
3.25,maple spicy cocoa
3.0,strawberry savory
2.75,fruity rubber
3.5,sticky bold nutty fig
2.75,grape pungent sour
2.75,creamy burnt rubber
3.5,intense spicy floral
3.0,intense bitter spicy
3.5,sandy fruit cocoa sour
3.25,fig sour rubbery
3.25,fruit sour roasty
3.25,cocoa earthy roasty
3.0,burnt caramel coffee
2.75,harsh tobacco roasty
3.5,mild nutty basic
3.5,mild spice grapes
3.0,gritty woody acidic
3.5,intense blackberry acidic
3.25,sour earthy roasty
3.0,nut roasty acidic
2.75,fatty woody poor aftertaste
2.75,rubbery buttery soil
2.75,gritty earthy melon
2.5,gritty sweet
4.0,mild tart wine red fruit
4.0,simple red berry rich long
3.5,creamy fruit forward rich
3.5,earthy nutty
3.75,smooth red berry cocoa
4.0,creamy cocoa grapes
2.75,coarse sweet tart earthy
2.25,sticky mild citrus earthy
3.0,coarse earthy sweet
3.0,mild smokey black licorice
3.25,aroma anise dried fruit
4.0,mild tart long rich
3.75,rich marshmallow
3.0,red fruit smokey sour
4.0,rich tart citrus
4.0,tangy floral spicy cocoa
3.75,creamy cocoa grassy
3.5,cinamon bitter aftertaste
3.0,smokey floral mild
3.0,bland subtle dairy burning
3.75,chunky rich spicy
3.25,berry notes sweet edge
3.0,strong vanilla nutty spicey
3.0,bitter coffee cocoa
3.25,mild fruit woody
3.0,powdery roasty flavor
3.0,rich flavor
3.5,sweet cream cherry rich
3.5,creamy fruity mocha
3.0,swiss miss pistachio rich
2.5,banana earthy ending
3.5,intense floral leather
3.25,intense dried fruit roasty
3.25,tobacco woody rum
2.5,intense smoke medicinal
3.25,chunky dairy nutty rich
2.75,dry sandy earthy leathery
2.75,metal earthy pungent
2.75,metal molasses roasty
2.5,coarse earthy metal sweet
2.75,dry red berry note
2.5,molasses banana chemical
3.75,bright red fruit smoke powerful
3.5,grass chewy nibs add bitterness
3.5,mint candied
3.0,fudgey mild smoke
2.75,grassy earthy
3.75,mildy nutty cocoa spice
3.75,dense rich nuanced
4.0,marshmallow distinquished
3.75,creamy spicy
3.75,vegetal fruit smoke
3.5,tart fruit cocoa
3.0,smoke dominates mild fruit
3.0,earthy tobacco mushroom
3.0,sandy roasty cocoa
3.0,creamy fatty burnt
4.0,large nibs spicy cocoa
3.5,complex herbal sour
3.0,fatty mild fruit bitter smoke
2.0,sandy sour
2.0,creamy burnt ashey lemon
3.5,nutty red berry rich
3.25,burnt nuts subtle fruit
3.25,subdued floral nutty fatty
3.5,deep cocoa fatty mild ashey
3.5,spicy cocoa
3.5,dried fruit floral
3.25,tobacco deep cocoa burntness
3.25,rich fatty roasty
3.0,smoke fat hammy
3.0,complex smoke intense
3.0,fruit woody ashey fatty
3.0,roasty black licorice rubbery
3.0,acidicity roasty sour chalky
3.0,sandy coffee sweet roasty
3.25,sour palm rich fruit
3.25,molasses coffee cocoa
2.75,fruit tart fertilzer
3.25,long mellow buttery
3.0,perfume roasted caramel
2.75,nutty fuel intense
2.75,floral slightly burnt intense
3.5,dark berry mild floral
3.5,dairy butterscotch caramel
2.75,chunky earthy rubber
3.5,floral grain deep cocoa
3.75,sticky mild hay honey
3.25,dominant savory
2.75,fatty vanilla orange
3.75,peanut soy sunflower
3.5,intense fig roasty citrus
3.5,spice sunflower
3.25,grits strong floral
3.25,intense smoke
3.25,muted banana hot cocoa
3.0,sweet intense banana
3.5,bitterish banana citrus
3.25,sticky intense roasty fruit
3.25,tannic fruity cocoa
2.75,creamy sweet sour
3.0,pungent grapes
3.75,bold nutty floral wine
3.5,intense plum harsh woody
3.0,waxy gritty spicy hammy
2.75,gritty waxy leather
3.5,creamy pasty bitter cocoa
3.25,gritty sticky candied
2.75,refined honey rubber
3.0,pungent green citrus
3.5,basic
3.25,green
2.75,easter candy burnt
3.5,dried fruit raisins nutty
3.25,fruity melon
2.5,oily intense vinegar
3.25,fatty cocoa
3.75,creamy complex maple
3.75,dominant spice
3.5,floral malt high astringent
3.5,floral roasted cacao dirty
3.5,grassy earthy roasty dirty
3.75,vanilla dark roast spicy
3.5,creamy caramel dairy
3.0,cinamon hazelnut roasty
2.5,strong rubber chemical
3.25,strong spicey earthy green
3.5,dark berry woody astringent
4.0,dark berry tropical nutty
3.5,orange heavy roast
3.25,dried fruit nut bitter roasty
3.75,thick slow pure
3.0,intense roasty spice
3.5,bitterish woody bourbon
3.5,sticky woody
3.75,floral bourbon balanced
3.75,smooth coffee rich
3.5,complex honey fruit nut
3.5,rich brownie dried fruit
3.0,muted heavy roast
2.5,fatty rubbery nutty
2.5,fatty rubbery
3.25,dried fruit intense
3.25,fatty honey slight sour
3.25,roasty coffee intense
3.25,rich nutty
3.25,basic large nibs
3.0,raisins sour roasty
3.0,dry honey roasty
2.75,nutty earthy mild note
2.75,sandy heavy roast woody
3.5,mint sweet spices
3.75,smooth intense fruit complex
3.0,rich brownie roasty sour
3.75,floral bourbon mocha
4.0,smooth banana tart roasty
3.75,intense dark berry spice
3.5,creamy heavy roast citrus
3.5,sticky earthy smokey
3.75,red fruit intense earthy
3.75,deep rich nutty roasty
3.25,roasty dried fruit sour
3.75,robust tart roasty
3.5,fatty roasty coffee
3.5,uneven melt cashew
2.75,smokey nutty fat residue
2.5,intense burnt chemical
2.5,fatty chemical roasty
2.5,buttery sour tang notes
2.25,fatty burnt nut vegetal
3.75,nuts chocolate mellow
2.75,note vegetal nibby
3.5,complex coarse astringent
3.0,cocoa base spice
3.25,grassy maple
2.75,grassy strong bitter
3.5,creamy vanilla rich
3.5,nutty spicy floral
3.5,nutty basic
3.5,floral spicey
3.25,grits basic gateway
3.75,rustic cherry marshmallow
3.0,sweet cherry marshmallow
2.0,sweet candy
3.0,sweet marshmallow
2.75,roasty rich marshmallow
2.75,perfume vanilla
3.5,cherry bitterish
3.0,tobacco sweet dairy
2.0,dry bitter poor aftertaste
2.0,fruity smokey burnt
2.0,fresh nibs chocolate base
3.75,complex strawberry tart
3.0,strong smokey tobacco
3.0,sweet basic
3.0,smooth complex cocoa base
3.0,grassy black pepper smoke
4.0,simple delicate cocoa long
3.75,smooth tart earthy
3.75,creamy grassy banana tart
3.75,clingy subtle tangy citrus
3.5,smooth grassy minty
3.75,cherry wine rich smoke
4.0,banana pear spice cheese
2.75,rustic vegetal earthy
2.75,sweet orange rubber
3.25,sticky cherry cocoa
3.0,earthy mild fruit sticky
2.75,dry earthy surface mark
3.5,cocoa roasty sticky
2.75,sharp raw metallic
3.5,full cocoa flavor
3.0,spicy rich sweet
3.0,black pepper astringent
3.25,fruity blueberry
3.0,coffee nutty
3.5,chewy smoke fruit cocoa
3.5,grapes tangy cocoa
3.25,sticky dried fruit smoke
2.75,smoked ham tangy berry
2.5,perfume floral chemical
2.0,sticky earthy medicinal
3.5,strong spice perfume roasty
3.25,earthy roasty vegetal
3.5,gritty bold black pepper
3.25,gritty fatty coffee
3.25,nutty salty
3.25,fatty sweet salty
3.0,fatty cocoa spicy
3.0,fatty salty caramel
3.75,tart sweet edge
3.75,intense fruity mild sour
3.75,intense rich burnt licorice
3.25,waxy maple flat
3.25,oily medium roasted cocoa
3.0,creamy tart bitter
3.0,floral bourbon bitter
3.0,waxy earthy cocoa roasty
3.75,rich spicy
3.5,sticky raisins fudgey
3.5,basic gateway
3.75,caramel anise dried fruit
3.0,mild nutty vanilla cocoa
2.75,sweet vanilla cocoa mold
4.0,creamy pistachio floral
3.75,bold cherry rich cooa
3.75,cigar tobacco grass spice
3.75,mild cacao fruit notes
3.5,grits bold dark berry
3.5,smokey tart astringent
3.25,grits sweet orange
3.0,light brown grits floral
2.75,floral intense pungent
4.0,ligt color creamy peanut
3.75,creamy fruit cocoa
3.75,apple mild cherry
3.75,delicate smooth dairy
3.25,gummy fatty earthy
3.0,creamy molasses note
3.5,cherry rich choco
3.5,complex earthy melon
3.25,fudgey spicy vanilla
3.0,mild cocoa fruity
1.5,perfume strong chemical
3.25,nuts fruit cocoa
2.75,grassy hammy
3.0,tangy sour intense
3.5,intense simple floral earthy
2.75,sticky hammy bitter
2.75,sticky sandy pungent
2.5,intense dirty floral medicinal
3.25,sweet roasty spicy
3.25,spicy roasted fresh nibs
3.5,creamy nutty cocoa
3.25,intense leathery cocoa
3.25,molasses grape sour
3.0,dry molasses sour
3.0,dairy cheese molasses
3.0,molasses licorice muted
3.25,sticky strong molasses
3.25,molasses undertone tangy
3.75,subtle red berry complex
3.75,black tea
3.5,earthy woody vegetal
3.5,smokey mushroom woodsy
3.0,sticky grits mild fruit sour
3.0,slow develop nutty
3.75,complex nut dried fruit earth
4.0,complex spice caramel cocoa
4.0,strawberry cocoa nutty
3.75,dried fruit tart
3.5,earthy mild tannic woody
3.5,strawberry green mint
2.75,super temper astringent burn
4.0,creamy raisin lemon
4.0,creamy complex peanut
3.75,cranberries cocoa
3.75,intense rich burnt caramel
3.5,sandy earthy tangy wine
3.5,smoke tobacco black pepper
3.5,mild smoke fruit mild burnt
3.25,uneven grassy roasty
4.0,pronounced berry mild smoke
4.0,delicate nutty cocoa dairy
4.0,roasted nuts burnt brownie
4.0,floral berry clove
3.75,smoke burnt caramel citrus
3.75,creamy brownie mix roasty
3.75,nutty chocolate ice cream
3.25,creamy smokey fruit
3.25,grassy dairy mild fatty
3.25,creamy nutty roasty
2.75,creamy medicinal mild fruit
3.75,creamy sour orange
3.75,creamy smokey rich
3.5,basic chocolate accessible
3.5,robust nutty brownie
3.25,spicy woodsy
3.25,tart mild sour
4.0,balanced nuts strawberry
3.5,roasted nuts dried fruit
4.0,creamy honey blackberry
3.75,evolves black pepper citrus
3.75,banana nutty
3.5,creamy sweet deep choco
3.5,robust dark tropical fruit
3.5,creamy diluted mild choco
3.25,nutty banana harsh ending
4.0,creamy honey marshmallow
3.25,creamy roasty woody
4.0,creamy acidic balanced
4.0,nutty cocoa
3.0,sweet edge lemon muted
3.5,intense tannic choco earthy
3.25,earthy dried fruit complex
3.5,tart sour basic
3.5,dry earthy roasty
3.5,sticky mild fruit brownie
3.25,grits sweet cocoa
3.25,dry floral earthy
3.25,sandy smokey fruit sour
3.25,oily floral
3.0,oily floral dairy
3.0,fatty muted strawberry
2.75,bready sour milk fatty
3.75,floral sandy
3.75,powdery cherry astringent
3.5,spicy chocolatey
3.75,sandy robust grapes malt
3.5,floral astringent
2.75,floral earthy burnt rubber
3.0,fatty mild fruit note
3.0,unrefined sweet mild coffee
2.25,gritty intense coffee metallic
3.0,coconut mild vanilla
3.0,coconut cocoa grits
3.0,dried fruit coconut grits
3.0,brownie grits sandy
3.0,red fruit coconut
3.25,peanut butter vanilla artificial
2.75,creamy vanilla moldy
3.5,floral hints fruit
3.5,oily surface floral earthy
2.5,fatty rubber notes
2.75,bland earthy
2.5,vanilla sweet
2.5,dry sweet vanilla
3.25,intense rich dark berry
2.75,molasses sour astringent
3.0,powdery vanilla earthy
2.5,sandy sweet vanilla
3.0,sticky sweet nutty roasty
2.75,sticy nutty roasty notes
2.75,ham sour intense
2.75,fruit burnt harsh
3.25,acidic cocoa dried fruit
3.0,buttery cheesy
3.0,cardboard cheesy
2.75,fatty sour notes
2.5,pungent molasses sour
3.25,burnt black licorice intense
3.25,savory lemon ham
3.0,dried fig earthy dirty
3.0,rustic sugar dominates
3.75,sweet spicy
3.25,rustic large unground pieces
3.25,rustic bright fruit
3.5,light color sandy fruity
3.5,dark color sandy fruity
3.25,sour milk hot cocoa
3.75,sandy banana
3.5,sandy earthy spice nutty
3.75,coarse spicy cinnamon
3.5,rustic earthy tea
3.25,sweet brownie sour
3.25,rustic spicy earthy
3.25,sour orange fatty
3.25,smokey mild citrus
3.0,vanilla fatty vegetal mint
2.75,licorice dried fruit burnt fuel
2.75,oily cardboard sour
2.5,vanilla fuel earthy
3.25,creamy smoke ham
3.25,vanilla butter caramel
3.0,flat smoke marshmallow
2.75,intense grassy smokey
3.0,intense cocoa fatty sticky
2.75,cocoa sweet fatty cardboard
3.25,earthy floral dry
4.0,fig
3.25,blackberry dirt roast
3.0,vanilla fatty
3.25,nutty fruit sour floral
3.0,nutty roasty fatty
3.0,sandy sour banana sweet
2.75,rustic sweet earthy
3.25,grainy blueberries bitter
3.0,coarse watering sweet
2.75,dry red berry note
2.5,gritty sweet swiss miss vanilla
2.5,tangy musty sour
2.5,dry musty flat
3.0,nutty candy
2.75,tea sweet astringent
2.0,strong vanilla sweet fatty
3.5,molasses caramel
3.5,honey pepper charcoal
3.25,gritty rum molasses
3.25,molasses fruit floral
3.25,molasses caramel
3.25,green apple sweet
3.0,molasses caramel spice
3.0,molasses caramel fruity
3.0,sticky caramel
3.0,earthy savory hammy
2.75,molasses notes
2.75,candy peanut butter caramel
2.75,flat cardboard metallic
2.0,perfume chemical soapy
3.75,sweet rich tannic fruity
3.75,creamy almond butter
3.25,intense mild coffee rum
3.75,nutty raspberry metallic
3.75,bright fruit mild sour
3.75,walnuts cocoa easy melt
3.5,spicy black pepper bold
3.25,floral earthy bourbon
2.75,spicy black pepper intense
3.25,muted roasted banana
3.0,berries licorice cocoa bitter
2.75,harsh tobacco
3.0,sandy sweet raisins
3.5,sandy sweet blueberry
3.0,dry slightly tart bitter
3.0,sandy sweet fruity
2.5,dry gritty hint fruit sour
2.0,dry bland bitterish
3.25,sweet vanilla cocoa
3.25,peanut butter sour milk
3.5,pure bold floral
3.25,spicy marshmallow
3.0,floral vegetal
3.75,bright fruit cashew
2.75,bland mild honey sour
3.25,waxy mild fruit floral
3.0,pronounced fruit sour
2.75,peanut butter soapy
3.0,sandy sweet
3.5,honey caramel
3.0,spicy cocoa sweet
2.75,metallic astringent
2.75,dull chewy sweet
3.5,nutty floral
3.0,baked roasty coffee
3.5,sweet pungent grape acidic
3.0,powdery complex rubber
3.0,sandy spicey sweet
2.75,tart sweet sour savory
2.75,woody sweet unrefined
2.75,roasty woody rubber
3.25,roasty sligt burnt red fruit
2.5,roasty bitter caramel dairy
3.5,intense red berry
3.5,intense floral
2.75,spicy sour note
3.25,dry floral woody
3.0,coarse sweet lemon
3.25,dry coarse sour
3.0,dry coarse sweet earthy
2.75,dry coarse hay
3.0,tart tangy mild cocoa
2.75,creamy woody green rubber
3.25,sandy sweet peach
3.0,sweet acidic tart
3.25,intense nutty mild rubber
3.75,spice melon nutty
3.75,roasty cocoa
3.5,roasted strawberry bold
3.75,subtle smooth earthy long
3.5,red berry rich
3.0,slight bitter woody
3.0,modest creamy cocoa
2.5,nutty vegetal sweet
4.0,creamy blueberry raspberry
3.75,sandy vegetal cocoa
3.25,creamy cherry
3.0,creamy rich licorice
2.75,nutty bitter dominate
2.5,berries tart bitter
1.5,creamy fatty bitter
3.75,cocoa dominates woodsy
3.75,rich hot spice
3.5,creamy cocoa bread
4.0,creamy honey peanut butter
3.25,intense sweet nut orange
4.0,green unripened fruit banana
3.5,yogurt lemon licorice
3.5,complex herbs fruit dairy
4.0,intense dark berry grapes
3.25,intense rich sweet
2.75,fatty bland astringent
2.75,fatty sour spoiled
2.75,fatty bitter sour
3.25,peanut butter coffee mint
3.25,complex nibs soft
3.25,dark berry roasty
3.0,earthy sour intense
2.75,smokey earthy nutty
3.25,sweet fruity heavy roast
3.75,mellow fruit tart bitterish
3.5,spicy roasty acidic dairy
3.5,spicy nutmeg brownie
3.25,intense cocoa spicy fruit
3.5,spicy dairy
3.0,sandy sweet nutty
3.0,sticky cocoa earthy
3.25,chalky peach bland
3.0,mild metallic brownie earth
3.0,intense bitterish roasty
2.75,intense tart sour raisin
2.75,creamy cocoa pungent
3.0,sweet simple cocoa
2.5,pungent metallic
2.5,nutty notes
2.5,earthy vanilla
2.5,vanilla late cocoa notes
3.5,dry rich roasty
3.5,grapes pungent
3.0,earthy roasty
3.0,nuts fruit poor aftertaste
3.0,creamy fruit poor aftertaste
3.25,sandy sweet coffee
2.75,slow develop bitter metallic
2.75,mild metallic
2.5,light color grit metallic
3.25,creamy earthy nutty
3.0,sandy rich earthy
3.75,smokey fruity sour
3.5,dry nutty cocoa
3.0,dry mild fruit
3.0,mild nutty fruit savory
4.0,rich spicy cinamon
3.75,strong malt choco pudding
3.5,nutty fig short length
3.0,nutty rubber
3.5,intense creamy nutty
3.25,flat molasses creamy
4.0,nutty tart coffee
3.5,brownie fruit fudge
3.25,melon
3.0,roasty metallic coffee
2.5,mild fruit chemical
3.5,creamy woody mild metallic
3.25,intense bourbon
3.0,sandy intense mild nutty
3.0,salt noticeable vanilla
3.25,nutty basic
3.0,coarse sweet candy licorice
2.75,sweetest dirty
2.75,sour milk molasses sweet
2.5,spciy cardamom flavor
3.5,rich basic sweet
3.25,nutty earthy hammy
3.25,sandy mild sour mild fruit
3.25,sandy nutty mocha
3.0,heavy smoke fruit ham
3.0,sweet heavy roast nuts
3.5,sticky mellow choco dairy
3.5,smoke tart burnt cocoa
3.5,tobacco roasted
3.0,melon mild tart bitter fatty
2.75,sticky notes rubber
2.75,sticky strong bitter spice
3.75,intense prune berry
3.5,oily honey light rum
3.5,toffee caramel butterscotch
3.75,smokey dried fruit balanced
3.25,oily sweet choco nutty
3.75,large grits sweet dried fruit
3.25,sandy basic
3.0,intense earthy
3.0,fatty herbal earthy
3.0,woody butterscotch
3.75,creamy fatty mild nutty
3.5,creamy masculine earthy
3.25,oily subdued caramel salt
3.0,dairy salt caramel
3.75,spice caramel toffee salty
3.75,strawberry cadbury egg
3.5,oily earthy caramel salty
3.5,dairy burnt caramel coffee
3.5,butterscotch pepper
3.5,smooth spicy floral
3.25,smooth intense blueberry
3.25,creamy caramel salt sweet
3.0,woody toast pepper
3.0,creamy nutty bready
3.0,hint smoke fruit
2.75,waxy cloying vegetal
3.75,strong nutty marshmallow
3.5,muted roasty accessible
3.25,fatty mild nuts mild fruit
3.0,fatty earthy cocoa
